1.8024007330627674,0.16953548693374704,1
0.4071627466353014,0.9234600342237126,0
0.4962463536896652,-0.3278621376065889,1
-0.9504802266376172,0.1886795853404619,0
0.4650315918016788,-0.32828509408553636,1
0.22191002271004065,-0.2911209648822647,1
-0.8615963902713132,0.25867238440214413,0
1.6374907887687504,-0.27444280467352655,1
0.9534505347360674,0.36912729071162864,0
0.5035723140491145,-0.31547278941540075,1
1.0669561730974892,0.19429957597399006,0
0.3720756791010121,-0.31025629183924197,1
0.06233528374370091,0.13440100729754578,1
-0.20440365100932345,0.969056639559323,0
0.44310974728259556,0.9166682727856257,0
0.6550810195867046,0.6011112708990989,0
-0.6265368507097665,0.7420157144988605,0
0.9999150433797636,0.16004362246490217,0
1.6116488191227105,-0.4069068939376695,1
1.983694200169469,-0.029179199855118826,1
-0.47260494751389187,0.7689004881395005,0
1.444641784776554,-0.2160304832926561,1
1.983143757201315,0.4608195806705852,1
0.10347641121735236,0.28159498160895813,1
1.9828594339138137,0.2894114966995618,1
1.1442005523481886,0.3017145158440966,0
0.17038107865564125,0.05040459127848672,1
-0.9055067968022136,0.2048061359873306,0
-0.7444036473232549,0.5145104832451097,0
1.1265189224914274,-0.0006366087548542454,0
-0.36897942656635613,0.8591150633886568,0
-0.9902106421945509,0.1984004755884477,0
-0.20031478892442708,1.007875540777559,0
-0.8293423867906168,0.3215793101951684,0
0.011946903850188269,0.328193418996177,1
0.25019423877816926,0.8897001017292187,0
1.3853757304177807,-0.3852016861446314,1
0.36400872155808695,-0.18065709385016415,1
0.01792849277949707,0.2672089308991363,1
0.6837475866030134,0.7177402472893006,0
0.8372270356687089,0.2649357275160531,0
2.102036473234081,0.207751683496961,1
0.6250103558192118,0.5376096832061313,0
-0.31676401092603634,0.8582231633435508,0
1.345113590509285,-0.3961025082140818,1
-0.9074045167313417,0.7031625826433475,0
0.05495789514847073,0.9737353635896989,0
-1.1407159932544966,0.5223387763019349,0
0.8647029207280484,0.08672616648809409,0
1.4164275678529725,-0.2471722690271768,1
1.2127679524448254,-0.44966898987839654,1
0.7607756898939331,0.769238581470022,0
0.9056776875187432,-0.465413413022628,1
0.794212428423005,0.6133762316842535,0
-1.0205318524870235,0.25680887714348843,0
1.553089094803761,-0.23307916890397765,1
0.20113614976416302,-0.28249295151798415,1
1.593749602742645,-0.20371295857869448,1
0.23283059043226684,-0.16724251983804414,1
0.3427353552848925,0.9819014578159466,0
0.8381618924497622,-0.5145002549500987,1
-0.4883131703792275,0.7690773339409699,0
1.3812865182719853,-0.5346110668899657,1
-0.009197555920499804,0.2493406703523286,1
1.8718485509378064,0.49751008635811433,1
1.8863456442335385,0.0841948589547607,1
-0.9813749188951671,0.14685912707662507,0
1.0493170548519637,-0.5335799354860997,1
0.9494764210284912,0.3854839856485798,0
0.9646097109859249,-0.4959801568997688,1
0.7981309670092479,-0.5423594630575694,1
0.24601273010815206,1.0736029030658012,0
0.5777489726200479,-0.501919405558525,1
-0.04308849159324425,0.40259312983370626,1
-0.7433725359271255,0.7940251719546214,0
0.4704280336177224,0.8738486707112153,0
1.3118572350719693,-0.253913688699807,1
-0.8808842136292157,0.6431693387343779,0
0.4525491415522191,0.948810756296289,0
1.8292014713197333,-0.04669029921605701,1
0.9800554881101781,0.20352798061481123,0
-0.8248308722178167,0.6087006931406057,0
0.9035357709072721,-0.6082383494427827,1
1.1665856137988297,-0.27843100599986265,1
1.502177061247755,-0.1929523116678392,1
1.054111179388308,-0.5410734994936738,1
1.852311769185146,0.03943769484432472,1
0.037230133347879654,0.9814287603880725,0
0.5877828418946361,0.6918922549332883,0
1.3954513023925461,-0.49225243447200784,1
1.1794709531518794,-0.54585466491806,1
1.6793775963333413,-0.3751439569490146,1
0.8162204980174826,0.6801110511953757,0
0.4351343248985703,0.8339216559547462,0
2.033529656719406,0.04941559937836483,1
2.000616308199409,0.03488384950829183,1
-0.5150085854171634,0.8841773404397394,0
0.3013109402702677,-0.16281644243134646,1
1.0509622418851774,-0.5736229833140961,1
1.9907716310923116,0.17468675406509337,1
-0.9750270921456439,0.18574695811166725,0
-1.0586643919696546,0.11775475880130254,0
0.3071970307551192,1.0242552221544128,0
0.5165352127870368,-0.4435287828558582,1
0.8276504277603235,0.6941402702543813,0
-0.7440911378842415,0.39994082196179986,0
-0.3545727422948404,0.9043276558181628,0
0.7037564666989797,0.7086696320141416,0
-0.2868485690465359,1.0156898629633344,0
-0.20236366421618124,0.8837256172065764,0
-0.9006768446794331,0.6977656914221921,0
0.6612745539733915,-0.6403592003383174,1
0.03938679802379636,0.5708626661127546,1
1.7892644065171341,-0.04634947231053076,1
-0.7219054181550555,0.6771859182284897,0
0.4346815368021227,0.9092836739446153,0
0.07339252309655676,0.2074621096033726,1
-1.050106489886797,0.16103548982612859,0
0.4333967254621942,0.8338776003715996,0
1.3686376082985225,-0.5173448111371465,1
1.8562473605212508,-0.02101423171311539,1
0.09327311764682333,0.42500698720132335,1
0.05407742462675552,0.2352482535351863,1
0.12851179722196254,1.0444752514664495,0
0.32951666153203935,0.8394915067928161,0
1.0605006049201815,-0.5137453660018669,1
0.06264545303048584,0.9788172237665885,0
-0.9329909280290588,0.3902989330428225,0
0.17295970401064734,-0.03143185907180516,1
0.4127562732938059,0.7551240018646735,0
1.8698072256070277,0.16126995468449867,1
1.8257443054051798,0.1620447394043676,1
-0.5728766350628219,0.8161850730043239,0
-0.10971217369644372,1.1149580626548339,0
-0.8022677732215836,0.5536720717391627,0
0.18690852654325546,-0.16939101085774366,1
1.9667660401057325,0.4476418041634181,1
1.9694718964064266,0.20892471833672563,1
1.6219768006105266,-0.21431946135783678,1
1.2154488382108513,-0.6090160909671909,1
0.242242374687685,-0.2581408407416315,1
0.46229253338524506,0.8025213429556728,0
1.406390957915251,-0.5101838387908403,1
-0.8653028238001989,0.47835662503067883,0
1.1614832467507172,-0.6854963185048013,1
-0.13946705159320233,1.0267480509662164,0
-0.5852836368210783,0.8989415765911102,0
0.31253357419742667,-0.18103032160496155,1
0.7529216422046023,0.591051358473815,0
1.0253632212159365,0.3557930289680923,0
1.5797340295075206,-0.38790862194958875,1
-1.023126311215464,0.08580554700640575,0
-0.37499110295697474,1.069442315891095,0
0.04286706593609521,-0.16007051195945957,1
0.6867533679911725,0.80555028742666,0
0.8577026712953424,0.49509362323567874,0
-0.2189996055514386,1.1314297375513713,0
1.5731753474292374,-0.3938428039585823,1
-0.08699370374257517,0.9172648544750877,0
1.4869671415644137,-0.38002487702949683,1
-0.4067145424695045,0.9845884759188936,0
-0.8658139811690314,0.43563588905669487,0
0.9786229192243542,0.2818860149620475,0
0.29114145853657014,0.017746764587144612,1
1.9628732037561996,0.38931639428889636,1
0.7808234676343958,-0.5715040510862763,1
1.7543439058230725,-0.3052977808156667,1
0.19211863482756464,-0.14673286877607894,1
0.8826734376521266,0.673425518420385,0
1.8251388534829012,-0.22709952026792926,1
-0.0433823544221246,0.251631297346189,1
-0.5607912502502223,0.8248000676394142,0
2.094406811659104,0.3910153488558361,1
1.9110144881474227,0.18825305087459882,1
0.22324890017717156,1.0357485204936243,0
0.4802537664345349,-0.3300417554242506,1
-0.6537788494065765,0.6712904655457271,0
0.5760929750048225,-0.29847219602399344,1
-0.9529252496366533,0.31590979921604756,0
1.377815165030634,-0.5445008015586844,1
0.5229142591097374,-0.35531086411333335,1
-0.7996718034648745,0.6011691039471033,0
1.8669263119367898,0.02630275464292707,1
0.25650668904489365,-0.12984259229178832,1
-0.836559673557858,0.590372482133772,0
-0.6395138944292122,0.913490687968004,0
2.0388775032493816,0.5304913648008671,1
1.5338469439103575,-0.2829433666343277,1
0.18773714291515015,-0.16632401405490482,1
0.27202878815151377,-0.20209447455699286,1
-0.35907205287162314,0.9954072550602028,0
0.7597373691047723,0.7523740313916093,0
0.6694232980465233,-0.29858146109633193,1
0.7668077467874391,0.8723430099400455,0
1.033392051961703,0.012622031163750824,0
0.17792183656020136,1.0235472599309898,0
0.15720186977087725,0.22962471261722575,1
-0.9102836936145385,0.33957915155375523,0
-0.5883646898413607,0.7524609387703436,0
1.1148050433207741,-0.4398278226995112,1
2.0548939756038664,0.14272499379445075,1
-0.17890976102998732,1.032097816407948,0
0.9513553202306988,0.4688139281163278,0
-0.6498883321668181,0.7702430621526527,0
0.2028552060642973,1.0159327815236592,0
0.7252067529326535,0.7117569313272285,0
0.8426281025613035,-0.5312595747244272,1
0.5632472069940028,-0.39897964376934014,1
0.15771846013734567,0.27120416368312644,1
1.015360178983127,0.14687317847043418,0
1.6298859540968273,-0.30976157870280174,1
0.8583861427957191,0.2978316697418799,0
0.5705211020826967,0.9934405102860916,0
0.7851267153795297,0.572130680517405,0
-0.46873308415577086,0.9663505480103991,0
2.0004080975438483,0.047160320376645165,1
0.173305160008335,0.1297779437296278,1
0.5040286689735142,0.8530385186360313,0
0.1941224501300312,0.9654520917224784,0
0.26879531895821784,-0.23272412199540368,1
-0.920839574555312,0.29171255743073166,0
0.8230556489379024,0.6962781659847916,0
-0.3387455050826826,0.9534180264937722,0
0.03013491057749946,-0.058356571306590665,1
1.8271411667417354,-0.06187344702373329,1
2.100257318292828,0.34747748273762036,1
0.12566913286251896,1.1265403404399434,0
1.0486419871823536,0.3558838776663581,0
1.4488519834111613,-0.46102792194665615,1
0.29594027872720635,1.0325672621701982,0
2.1324240779968267,0.4328048372287104,1
0.7309641078346794,0.5483875160899909,0
1.5355781833101279,-0.49300428697833953,1
1.0179916546453143,-0.5117773027716404,1
1.7427245706881989,-0.2533464222331495,1
0.5108372119239483,0.8401838455516666,0
-0.08999083539934957,0.1854130984619589,1
-0.9418938131899592,0.4838002710592484,0
0.6798912057555153,-0.42807337322518557,1
-0.2125266673602484,1.0239040771817165,0
-0.7729440294514603,0.7450105709101423,0
1.1914228752004825,-0.39334143568664015,1
-0.12878914197655716,0.976385786869363,0
-1.0277759747777158,0.2221587619490335,0
0.6561648678349872,-0.41607813204856914,1
1.0084029074202028,0.28955880307191106,0
-0.7410546822313459,0.4878116122004679,0
1.979343378188293,0.24648231443127608,1
-1.0189105591612655,0.6358981984742768,0
0.4976706957550294,-0.35013434317218817,1
0.0054383713208642735,0.5286965195775869,1
0.4492165949897002,0.7763766401781245,0
0.11258188282942085,0.09034078475759125,1
0.08790710604609875,0.8893961706583708,0
0.7990558071715169,-0.47405307085417486,1
-0.10152537929792976,0.3595044523923213,1
-0.2786595472514215,0.9107039775206883,0
-0.34804057709780806,1.0232562774141516,0
1.867729314559587,0.18964344941233524,1
0.36190941571597324,-0.184743248120892,1
0.9841823846800788,0.21347495825192137,0
1.8957448812276572,0.23367335703524386,1
0.9091697914250803,-0.13324620082740066,0
1.152579291204452,-0.4207398018534721,1
-0.18365466198316197,0.31563137979096567,1
1.2448154286360857,-0.3161472796431038,1
0.45186724143170615,0.8346856228512376,0
0.8568444110977852,0.6004280414482752,0
0.7513840199522629,0.5319612601018774,0
-0.02476198088727405,0.2578332247705897,1
0.5964800996537994,-0.2806054269144707,1
2.020466408989097,0.3762215559976575,1
-0.009194055572481333,0.8748446070710163,0
1.452242439250321,-0.4305571553383326,1
1.9798509926474628,0.6487311400562296,1
2.017138590411198,0.32376380186715487,1
-0.374650785575117,1.0321048974454994,0
0.2197409028387476,0.8624930006822968,0
1.0468112299905112,-0.5530942945053494,1
0.9239330401137944,0.7195048211839932,0
1.9407648186991493,0.3871931681937182,1
0.8971477185317303,-0.42589846348016164,1
-0.36018672593185813,0.8492574693967436,0
0.5844299005383192,-0.3489684240533613,1
0.38874501354866176,-0.3437050635222255,1
0.9064270609660465,0.2183647320509692,0
0.7571038739006528,0.7204604838173273,0
1.6166073102879128,-0.17580692299939715,1
0.9673939730385096,0.2637445085760611,0
0.7880226309094379,0.5219595115902463,0
0.3338484240417803,-0.18006489181369975,1
1.384805319159381,-0.2499177646367818,1
0.8387665750482307,-0.4521492298066351,1
1.3619996956409102,-0.46632213032102093,1
-0.2567104866091613,0.9352545819135275,0
0.5590386725720612,0.9434784015538632,0
0.9094803031993924,0.23223161681524293,0
1.74211449081225,-0.2805196948580111,1
1.693908832580573,-0.05270531475887939,1
0.329782929885338,0.9722924354548256,0
-0.3334435608449973,0.926953554699033,0
1.0388247840151243,0.2804698957477901,0
1.9470144393041722,0.21259447762597455,1
0.7030122769656177,-0.5378631615760308,1
-0.6428444023025305,0.6097464483074773,0
2.0658932469925992,0.372771729686904,1
0.2242400705527901,-0.05212618547932228,1
0.49466730982394147,-0.34511582089749565,1
-1.0533489105945781,0.21968949377462624,0
0.9012298985018904,0.18921658740455136,0
0.0034988857787583635,0.23381165199585546,1
1.377946372685085,-0.45547105456347725,1
0.29522530300002875,-0.19748586606569785,1
-0.9272073785243525,-0.029140902854069922,0
0.0447976645667096,0.39401780951257465,1
-0.12560939800405702,0.9447409621168393,0
1.199255169422054,-0.4730497509016211,1
1.2387296779376107,-0.4384202685358732,1
1.8792873667287837,0.028801201218902422,1
1.2618710935526107,-0.49270689312548616,1
1.0442482464830432,0.2899178927642708,0
1.5428332348095524,-0.4108487780144249,1
0.9522236780442185,0.4944490626750367,0
0.40554450696924416,0.8828668756582959,0
-1.0424257619946353,0.021056195498785416,0
-0.1470897512214089,1.0000477273945334,0
2.029070979396612,0.2314863943901597,1
-0.29060836870205214,0.9226363640648679,0
1.4231909513472838,-0.38213589073881005,1
-0.7989635827214476,0.7765436582722647,0
0.14932086011544923,1.0460008046160512,0
-0.22715715497005756,1.1135882717016512,0
1.0402675503207275,-0.526253501960724,1
-0.08792609168554678,0.9720085280718124,0
0.5392875757164539,0.7505231471415024,0
1.5927433979919678,-0.3213723012104389,1
0.48074926418615965,1.0512876692517197,0
0.8271318739299388,0.5360032402156052,0
0.07140530808013472,0.23619757579442355,1
1.6434016605045416,-0.1773963594304393,1
0.8458702400575326,-0.4325935211079724,1
0.6021882763587182,0.8896548507461153,0
1.7385162424889145,0.2569001888953001,1
-0.9175642038550019,0.3549104608390897,0
-0.09547361960410118,1.1005506821824684,0
1.2998150558555557,-0.37424179352387643,1
0.5819917920474058,0.9966988289850076,0
2.1090824582239964,0.3502282663481835,1
1.0390484337882409,-0.6276121627808428,1
-1.0175051846394265,-0.0014682339986744203,0
1.026027906516949,0.5088968532212155,0
0.06486151412695201,1.0426049019537598,0
0.7317829225893835,-0.32677642600217316,1
1.2907302289399174,-0.4246606442907796,1
0.8667222601505821,0.2716274634051134,0
-0.35676194828905045,0.9484815309193038,0
1.764953240771449,-0.15632931255303162,1
1.5850879354519762,-0.22314236929307887,1
0.5067658922972113,-0.3670845502013411,1
0.17110736882182379,-0.16611309802800045,1
0.020846165871622312,0.9387880473115807,0
0.530970880519999,0.9700995939677827,0
-0.9378309028507462,0.6251113398989732,0
0.8067921042605803,0.6266394607580572,0
-0.4019966504993944,0.8478045133404408,0
0.06398076133913727,0.9323042974948251,0
1.7081644214808835,-0.281245694314708,1
0.6817478040392612,0.8433618348076325,0
0.12734436061260837,-0.19917291090939687,1
0.5258137007571817,0.6155716663051701,0
1.1577399596470184,-0.449959996711037,1
1.6894878418719836,-0.00647269437428169,1
0.9392404117396099,0.2208853738964113,0
1.8083266536372036,-0.16206818000748544,1
1.2653207808786233,-0.529284890348712,1
1.0262210764546684,-0.5376602202615702,1
0.04439353411510082,0.9191460098660515,0
1.71145553658714,-0.18579071834084473,1
1.944818061714538,0.17780807265034093,1
0.8274704137126461,-0.447190334957075,1
0.7888701433661172,-0.379420377275112,1
-0.9464994631265301,0.34648150363017866,0
0.29796873660116396,0.9891049810208771,0
1.597877790631957,-0.330203799977247,1
0.7928624685794239,-0.45849601144030083,1
-0.8306316244485239,0.6822437033489879,0
-0.06394235247287311,0.9814710234563431,0
0.7759646213865098,-0.6274357990013035,1
-0.39329520630692766,0.9444022913587273,0
1.1085560070927958,-0.5776177418080892,1
1.8773129507887552,-0.19995759289971732,1
1.555613272869775,-0.3441534296330339,1
0.09401151317870743,1.1313522610622546,0
-0.758523066479605,0.8221232822237907,0
-0.02823413686702346,0.9404707407638078,0
-0.8828921617295666,0.08671374420344309,0
0.39609962819431,-0.2581968384817935,1
1.6732061499863213,-0.1646634292694062,1
0.7451323945437099,0.5917927682426238,0
-0.007059209772975944,0.8607755689625702,0
-0.9126482219467665,0.18746892931450954,0
0.6411744524216451,0.6522319474474141,0
-0.932480857508825,0.5191109608142841,0
-0.593702484526543,0.8846690241803568,0
0.3522350756415712,1.080565488099346,0
-0.009460292152771194,0.21913138078383154,1
1.8653199999397698,0.4323856624725682,1
0.48765608314891046,1.0411216501988922,0
-0.09635563585991641,0.3834738146729839,1
0.2694357726044249,-0.16268419777821233,1
-0.3394986402013144,0.9954461938042527,0
-0.7149451392893494,0.7347918858138411,0
1.7764489713294356,-0.17998820977037766,1
-1.0183230088957442,0.17261635155858504,0
0.9681081783279454,0.1918249499309889,0
0.6924930822755415,-0.33009773867511155,1
0.7311151937040328,0.7037352161307158,0
1.0429227669227246,0.13298936860706861,0
0.9061811610308173,0.6127677725821208,0
1.7792329337587485,-0.08009189950235752,1
-0.5814809301877808,0.7999352733091217,0
0.4072069451267974,0.8758842030409614,0
0.7110016881551381,-0.22546427176660538,1
-0.23877034691894033,0.9971504139938274,0
0.5212934479755794,-0.48576636551304037,1
1.7474704766576328,-0.13541588540192895,1
0.4357265013908828,-0.37238999446358745,1
-0.09803660561597144,0.21781267716373404,1
-0.0856414386216577,0.5002724443444249,1
0.6469853358579019,-0.42836065863383976,1
0.02666259917862379,0.9505259430055938,0
1.2710079682722724,-0.32645792145805674,1
0.2969367272683312,-0.25671792164600726,1
-0.3179971855085534,0.9512985260088582,0
2.202837713299218,0.24806708489276386,1
2.017684573842542,0.46514954182064727,1
0.17178906083436174,0.10455232979369042,1
-0.9743869547949762,0.01268021662863869,0
0.3353285346116874,0.9220342583150205,0
1.085882348629503,-0.5289149633454716,1
0.22853434007318796,0.9777869296273782,0
0.9132739565167187,0.5636545882076289,0
0.6567098348939442,-0.37854557932399713,1
-0.42480060461297364,0.8835699984619065,0
0.931907726854609,-0.38983604681026085,1
-0.40911252854146046,1.2222216349631758,0
-0.9146799196136336,0.05872931257104447,0
0.7849292099549707,-0.45471091295907357,1
-0.5630095109051283,0.8480711063809336,0
0.35592271734088365,-0.2180455442599773,1
0.8875077485681663,0.4169184913700455,0
0.5511308348839169,-0.31055943779657946,1
1.047464759101152,-0.22894165745707468,0
0.2844100119510813,-0.12479653109552395,1
1.9160954881236945,0.07139547366897571,1
1.4657016142316133,-0.3509097884354564,1
0.4217412196110558,0.9078690836477756,0
1.6719000147048795,-0.27222369301298244,1
1.0643936563899437,-0.42442819292719,1
0.12811488992218809,1.0397009446842398,0
0.7304035672583123,0.7814859596711402,0
0.32736647171491406,0.9600794224955931,0
-0.6244928779211771,0.7855553051454836,0
0.09594860537905363,0.5157941083353735,1
0.21722673958124314,1.0675677583628207,0
0.6561890924475942,0.6821962663997373,0
0.8241663816572096,0.4872866639091114,0
-1.0362661393396986,0.1760051597185961,0
0.6563829679837667,0.6695688837695992,0
-1.1287119385257283,0.22927958277234323,0
0.17064680040146774,0.9199818699821611,0
-0.24609107307086725,1.0293117447388735,0
-0.9692395271974358,0.48058448926289327,0
0.2825282593078484,-0.3300049756495079,1
1.5933405094839492,-0.36538221229251094,1
0.0212800158912996,0.8387899770521412,0
-0.4867976549862491,0.7440395007979447,0
0.2674086249215884,0.9870911237313943,0
0.7624161130642714,0.6521661200754627,0
0.6689339513418673,-0.4812784024588087,1
2.004510662268976,0.08961420795128157,1
0.8741749454501989,-0.5291116105743472,1
0.7711204541649173,0.6297787829101469,0
0.30678612218909224,1.0036678036272428,0
0.7324747720559459,-0.21509850244092582,1
0.4623335355826175,-0.36301327165540925,1
-0.6290418071234377,0.637496513192362,0
0.5056997655252405,0.7948855435536828,0
-1.015692356172934,0.23974315463878051,0
0.2982925182857078,1.021047742845812,0
1.2045433997429065,-0.47960498310495064,1
0.20591399300402835,0.9850963094118783,0
1.9897368924466332,0.04758301013995998,1
-0.15467544609000455,0.9704836371804522,0
-0.820865016438567,0.6354247079898779,0
-0.7793457054169727,0.7411823537979212,0
0.5848963214095428,-0.38440685761391463,1
0.3518610310595347,0.9478969516526979,0
1.3835792085382752,-0.44412904578841184,1
-0.552991275588653,0.7720801617569018,0
1.4865479242374184,-0.24241765907658286,1
-0.03810927377752027,1.0624886228128,0
-0.903206849194033,0.29571539921220297,0
0.666550429398241,-0.4244439841173112,1
1.2822446809213908,-0.4686859267537453,1
2.0315135693234394,0.4087441015976677,1
0.9306994690350442,-0.5343232994593811,1
0.840676974756446,0.5896990114625191,0
1.8673284820233114,0.1318287169455284,1
0.07989288111971508,-0.07985152787518038,1
0.8198185519363228,0.49767907477847545,0
0.5709410765114906,0.9107457066701033,0
-0.16605835455638712,1.0053941295224258,0
0.9134067439573721,-0.5817646479918932,1
2.009248850000047,0.11670959277439295,1
1.5122460863357876,-0.47438744529556837,1
-1.0150929742133135,0.5198419190868798,0
0.6860531147969691,0.6826486032121979,0
1.0854635531622223,-0.3978739441869965,1
-0.08944233716409916,0.5246963708891182,1
1.6210235355445675,-0.16979586487591442,1
0.3669007857255603,0.9677121258767928,0
1.4646187751148338,-0.3742932604250143,1
-0.6383087772538305,0.686879198393081,0
-0.610798927224047,0.7012454564278827,0
-0.7843324363461794,0.5632396597178585,0
-0.2631315216141004,0.9830259372632546,0
0.6902833434077575,0.9303618306994431,0
-0.8865467701004389,0.44454846545729576,0
0.2974755276492473,-0.16611136308041172,1
-0.08112436077919963,0.42634722340841547,1
2.0288056871300597,0.3207236477649549,1
1.033965710894176,0.04872290196782486,0
-0.5533720503559859,0.8418934346117541,0
-0.9802505624044083,0.26043587777503174,0
2.00617128088137,0.5610683220751328,1
1.126894800108137,-0.5915239016989314,1
-0.9415939586299322,0.30140085281565393,0
0.12214805546009473,1.0136366133226193,0
1.9797515457387382,0.5500600304933818,1
0.6824208585321708,0.5194683155594196,0
0.19433593437077715,-0.23490134395575948,1
0.0008520731783228323,0.4608181304940725,1
0.08533337116531386,0.11804940628969082,1
0.5292501471721502,-0.4783658855975209,1
-1.0300107657433608,-0.02227247553276204,0
-0.553408849108866,0.7994280124188089,0
1.6648637782762068,-0.13740600299462827,1
2.0000724252574322,0.311949039788871,1
1.9738240975548662,-0.11219313547554988,1
-0.2755478708925531,0.876949010234517,0
0.9721496087773052,0.17212064996229096,0
0.7301667960849839,0.7528472095766869,0
0.01963737221075894,0.21481080271272696,1
0.8831704410374852,0.4794681419670713,0
0.1238396254022017,-0.14942911449395602,1
1.8034708088238594,-0.26651020729079894,1
1.8500350264046885,-0.02995672641244048,1
0.9294890841326403,0.44000092837495913,0
1.1842064652567403,-0.3098309413760014,1
-0.10605480970654325,0.9786369095289936,0
1.963875945496268,0.48736979669844727,1
-1.0597865636538737,0.3995950270682226,0
-0.5600113240915763,0.5828849486101213,0
-0.3518367136001334,0.8772571566048757,0
0.08911691938291452,0.17432878133548865,1
1.9284958855471848,0.33912259756488106,1
-0.6823967329982067,0.5473051548802534,0
0.06434227762991153,0.28044524924507663,1
0.8979611580306426,0.2622839108680028,0
0.48928670301486127,-0.2485979315794356,1
0.3166445643706287,-0.25280292606408644,1
0.4026932716036984,-0.3192322615591719,1
0.940450192056165,-0.5276633202240312,1
0.020541457089715782,1.019578416643432,0
-0.012160344052673272,0.28249330464742634,1
0.14753837351140975,0.9800290382042465,0
0.23645018301702625,-0.229997680265479,1
1.966837390629039,0.06502255287333714,1
1.9475557290199075,0.5742621316627199,1
1.0397341608380188,-0.5453044246319292,1
1.7644778968150039,0.1744391046324811,1
0.8057451065636541,-0.426974205558177,1
0.40106306639624534,0.9007968985890273,0
-1.0901321120844054,0.17455404365055233,0
0.2939646167034652,0.8798515811875194,0
0.45928919968188825,-0.30636435138269474,1
1.4614810876575328,-0.3447526342604852,1
0.7219919563014168,0.700719652026659,0
0.8872754646264309,0.6607210115236479,0
1.8300384776955592,-0.03828394307241681,1
-0.629799385016255,0.8625165763865882,0
1.9743295671447392,0.4456959511679184,1
0.5256847929437477,-0.4346038794385305,1
1.6817800380249632,-0.09422361732821949,1
0.9645836315311963,0.4151382367059778,0
0.9622132538423188,-0.469433108723897,1
2.0258102816445445,0.3975316003903511,1
-0.8741822952340514,0.1449315763705164,0
-0.9295603942355255,0.27369227215621417,0
-1.0137631331066936,0.5160100739899388,0
-0.27553763036010354,0.965424395604102,0
-0.15202450714361285,0.9447178410505259,0
0.20680982580419993,-0.17082673348782385,1
0.4882656656069279,-0.4921745098934115,1
0.592949962084203,-0.4790957972212964,1
0.17876153369184275,0.052060166710828415,1
0.6820968358700724,-0.5379012983664625,1
0.7176126026367858,0.7044573837172886,0
1.285589627563898,-0.40952211827470086,1
0.07869355807104614,0.3015852179584644,1
-0.3526276764342844,1.0661973718203321,0
-0.8387733227704787,0.2874505770001115,0
0.8860486355470407,-0.5573409446147943,1
1.3526168282338842,-0.36616093145828577,1
1.305177130791507,-0.3502526218009192,1
0.05993707954172264,0.25429554567891854,1
0.33452325594965093,-0.24169909001502105,1
-0.8521180955008132,0.5903680070780373,0
-0.7960517284013996,0.5431193397997112,0
1.583514707873746,-0.359522438453449,1
0.24157720377408654,-0.027406652321019895,1
-0.7711084486630112,0.8101728216553582,0
-0.31917806409447996,0.9811149526568148,0
2.0530316603034175,0.5117155449229287,1
1.268562807687074,-0.5288795543048703,1
0.7140242769436782,-0.5584600291575326,1
0.035654526363996596,0.5308727293618485,1
0.05706119891406246,1.1337504889317291,0
0.4645754553508245,-0.2913673765084167,1
0.5566552488051232,0.7340648212599378,0
1.9421087078313608,0.10513384589215224,1
0.4069227798224636,0.8968911875203887,0
-0.0621934357990757,0.1323742934407961,1
0.8082423637126043,0.7218963746512044,0
-0.1211936615946553,0.9908959900276367,0
1.91563889785104,0.04388798635814257,1
1.8879214601078163,-0.021075018832966072,1
0.8329540861829389,0.5663667335808106,0
0.4783353527226494,-0.34920248232714235,1
1.1508038864972439,-0.5509778004209563,1
1.0388904506067382,0.15002412467912069,0
-0.31705208035392113,0.9650673044663051,0
2.0475539112234618,0.2715077343677836,1
2.00159502864271,0.09472243012627292,1
1.809385215500231,-0.0327722872441991,1
0.2740961925124422,0.941967602732342,0
-0.09964491395514286,0.8916368040908176,0
0.009836952008276015,0.09310575131480454,1
0.0211847806259512,0.2513011829857519,1
1.3532156489949727,-0.5548047434877099,1
0.13264229048566775,-0.029355067695087167,1
0.09816927762793622,-0.0010727863983271413,1
0.08787241544789796,0.16000282076980693,1
1.382214676548747,-0.340286796347817,1
0.9031551238400471,0.25653739889510385,0
0.25815022535529963,-0.1846146266193222,1
1.9227212824656243,0.40456062202392906,1
-0.0431945351280037,0.9936056084688636,0
-0.03981744356322119,0.938419339428676,0
0.9493008897970375,0.1780394098436608,0
-0.8940968289070202,0.34391645718998887,0
-0.14609337824143065,0.36906408200081486,1
0.24729086660175909,0.8782138160760523,0
-0.002519437490568508,0.2929573597374768,1
1.4849225867631668,-0.4097057012916028,1
0.9818940881489189,0.26664405737498825,0
1.47191354491204,-0.33406903014165057,1
0.4671194388544274,0.8379351713546609,0
1.1336981637863561,0.12610418892769493,0
-0.8015598314999307,0.7828725169131172,0
1.2323625848025734,-0.5777414865476054,1
-0.8989846385261182,0.3871654227896107,0
-1.0123234693320218,0.31254933331418777,0
0.23334204201299602,1.0101110154995248,0
0.07398866344541524,1.0268009125338036,0
0.9699717204529351,-0.604238142303033,1
0.7034040208642446,0.8784702412806263,0
-1.005517674087308,0.15621677180244076,0
1.8765423977508466,0.4971282784590447,1
0.6439176042594803,-0.42068210986011406,1
0.19351061082525853,0.030103960877478644,1
-0.5570232069539213,0.7167783915790368,0
1.65167925332724,-0.2708200926372189,1
1.610126514124476,-0.3354252712643379,1
1.3826724561317454,-0.353373357674885,1
1.27287928203757,-0.5799706427422711,1
1.2607435281945947,-0.3821633605882813,1
0.6037962131150001,-0.4009901103196354,1
1.4155728563781935,-0.36899769359542134,1
0.5397884938466083,0.8376849718680401,0
0.11713737257976817,0.9284528419943093,0
-0.8332416012271966,0.5834401463952115,0
0.03181919653686725,0.17254747998735778,1
0.28449210367942834,-0.018977218326237597,1
1.3669292663161805,-0.3914273435492055,1
0.8890212689429327,0.5660783704195933,0
0.4764238722542664,-0.2888001064440244,1
-0.5610981853674922,0.7012283288678482,0
1.0331839452445504,0.3381458831158607,0
1.8731359766346332,0.14628233842157615,1
2.0413256549793775,0.32045638226855616,1
0.21909204296692072,1.1801917462385685,0
1.795984384609627,-0.12268849620541666,1
1.0099213979960986,0.22672582073194056,0
0.9862477786854503,-0.3837280214100313,1
-0.5431970488884709,0.9553275403658471,0
-0.5781214148397318,0.9857649324093861,0
0.9274632784247491,0.5790428996503582,0
0.893558351148141,0.416690543652668,0
-1.029541777861967,0.04980217655847886,0
0.24825065881222327,-0.31070023776500105,1
-1.001107019687539,-0.05517822192513378,0
0.814543042139739,0.635775272259084,0
-0.8745897695587309,0.6981573908666596,0
-0.30006976161247506,0.9382717889426543,0
1.2492517117288289,-0.4553414833571165,1
1.0440473890399455,0.13402982202642122,0
0.21175392076849933,0.9222228135097562,0
0.4406649079191642,-0.44735115450812346,1
0.860470498461837,0.8805648341048603,0
1.1514924115071739,-0.5715186848548403,1
0.2615081810324567,1.0186090304647715,0
1.0737812682516423,-0.5199502387060597,1
0.449683644366861,-0.3152549353673016,1
-0.5012764547805028,0.683725798119428,0
0.9768679478480836,0.029220003627477523,0
-0.9688199538013138,0.4232975270117654,0
-0.6145927856583236,0.7399504225640984,0
-0.9261322652229381,0.05433807003377827,0
0.8155790728141604,0.6718622153954703,0
-0.6692321364227881,0.46166257152699736,0
0.5568318438670123,0.7806994009084027,0
-0.14466987127053632,0.9084608183786191,0
0.027998242367803898,0.131419273066377,1
-0.5114993913588624,0.8811974895892002,0
1.144704797524056,-0.4652893027776998,1
0.11472396237622401,-0.16065517899162207,1
0.46069533279368646,0.853650355506303,0
-0.20194244713151482,0.9528528929091298,0
0.784830174770129,0.4008048053514006,0
0.5178339540941739,-0.15878355913394904,1
0.29787599430501127,0.754914548771473,0
1.1158062212674906,0.28922870361852254,0
0.9191656387633134,0.1931451487037315,0
-0.11196251875710035,0.9953676859780389,0
0.909763133897862,0.5423021474956868,0
-0.8369548503180148,0.661607671352004,0
0.1953634181532442,-0.1623722167092436,1
0.11972514587720301,-0.12094203233362266,1
0.6185044822596247,-0.40127077303153674,1
0.2637449706373983,-0.11213790743421348,1
1.4020243909122183,-0.5328533149666971,1
-0.025546499888127377,0.9959823944652578,0
1.948796975145269,-0.26251628894879914,1
0.9628410241817511,0.6133964622793869,0
0.033353854957249504,0.4934245341154695,1
1.7495449994723122,-0.1630730704872884,1
-0.9924009325525831,0.25136856248970685,0
0.5421557442343787,-0.38812478170492337,1
1.2614734314410638,-0.446454181820257,1
-0.15350816134427808,0.990904400069876,0
0.5631826519707974,0.849152775989586,0
0.6501251779803502,-0.43342700811149415,1
2.060363024731558,0.19791132890277421,1
-0.036199754701367014,0.3603129312538002,1
2.092403805056675,0.3758418797239941,1
0.6669445860442631,-0.43354880211841335,1
-0.3646273704181288,0.8543163076275845,0
0.3157350538124144,-0.28783482200118565,1
0.6735765207914675,0.5154935844096206,0
0.5799576928845288,-0.26871389686282965,1
0.07423646343287538,0.19984321342844735,1
0.9069108140622191,-0.49755512499704685,1
0.6039639538738004,0.88460912141314,0
0.1427136637472257,0.9860589438942013,0
1.9865643055371063,0.30416074154025147,1
0.5428057792473262,-0.294932295865646,1
0.5731771569196829,0.9369183877196446,0
0.249604395202479,0.907323818160544,0
-0.371301835426929,0.9311371624809353,0
0.3606362443488783,0.8798566694883345,0
-0.18387803519759408,1.0152677187546153,0
-0.9822393960099146,0.08775798391991295,0
0.9783303660781723,0.6246796745390072,0
0.5961984665427918,-0.33265721341814747,1
-0.45545839006251165,0.959723191292254,0
-0.6975892681334128,0.5215125507288267,0
0.1089993492555279,-0.11993319718215266,1
-1.0762677003893524,0.08448415196992529,0
0.7259971644730306,-0.582129393191979,1
1.8788256784585458,0.09274501161412183,1
-1.0434464159140813,0.3613280973890778,0
0.0670980827440408,0.3548916819738422,1
0.5445318273946154,0.870485210920373,0
-1.08197477917144,0.1748099638991602,0
0.1345239630416438,1.036939784482303,0
0.32403403888169663,-0.38485277260586126,1
0.19707457638270934,-0.1015133929692568,1
0.4128291000006623,0.8173408808884652,0
-0.7389391858369906,0.4922321698244776,0
0.09518893493650314,0.23475953611617756,1
0.8902366050813765,0.3707919208511491,0
0.9433552658991532,0.3428422104999096,0
1.9192365113310288,0.3304113268274521,1
-0.8465714625969186,0.3597629150085235,0
0.44656389025163523,0.8774422988332873,0
1.412552573887183,-0.4578004035700354,1
-0.5692794121442666,0.8983317568016034,0
-0.8052105441648841,0.5800453309587396,0
1.5751725045876692,-0.4660259422427909,1
0.852218337873644,0.6599396520665112,0
0.8950820059030231,-0.5192483121643249,1
0.9014949268015876,0.4154178696202967,0
2.023619959646415,0.5359718709808248,1
0.6029699051768818,-0.48028243615232535,1
1.8546967179196188,0.012946403725212288,1
1.2630902519801976,-0.3854026206882828,1
0.3186478595439994,0.04294054132834217,1
0.6912562357067693,-0.3608313274540486,1
1.8488027654204617,-0.04496663203083135,1
-0.6452603694985536,0.9119207640781588,0
1.7319293915419387,0.019143178910822747,1
-0.9039312887744031,0.21822855641668168,0
-0.8752275663724842,0.25817549176030563,0
1.0495462134321043,0.10226070955823988,0
1.526831787088459,-0.3088170386893817,1
0.9303092285395737,-0.514581616779691,1
0.5471704646359441,0.8935968010766094,0
-0.6715026740013785,0.5602704398854232,0
0.6028603460050325,-0.2710109053402981,1
0.5502978498562363,0.7538104239122553,0
-0.6191199501874087,0.8312670203459028,0
-0.3423691538717445,0.8515267414050609,0
-0.8255686078389866,0.1327187714269123,0
-0.9341130554027604,0.44786654002838433,0
1.043170588633378,0.46295358087361865,0
0.18083675091182883,0.014095364193646154,1
0.530463695620887,0.8945272823521668,0
-0.16257949159323376,0.19700851998158603,1
-0.8627544480014686,0.3790555823934577,0
-0.9626926621947781,0.09661117375018348,0
2.051666546253375,0.21394032977319574,1
-0.9497837493037291,0.3969666250154107,0
-0.9759828655065721,0.20670442728581784,0
-0.5611900204266795,0.7562284716818982,0
0.6895582640426562,0.6755870747638274,0
1.8224368241978306,-0.19987734661718387,1
0.38997513756147506,-0.2822015444349048,1
0.8993327929356674,0.5423025704554238,0
0.01389885717008428,0.3549941370986397,1
-1.040716124088397,0.018867886137569692,0
-0.895548328363056,0.41694878172320876,0
-0.4246098855503763,0.787985560405934,0
-0.09115718606346918,0.9758640716068828,0
0.7565467237053921,-0.49414764234419645,1
1.6971447398338122,-0.17373696398414043,1
-0.2318689202265548,0.9013804542295679,0
0.7215408882854463,0.49214329979044164,0
1.7390595206228452,-0.15637370272096332,1
-0.9791918739351629,0.29383371694392185,0
0.24126306098799563,0.9751667320314387,0
1.0023771831956987,0.2527359924185066,0
-0.033039825771474726,0.4258641352922151,1
1.0147800596705951,-0.5677247176935656,1
0.9279104278541075,0.3282673897282889,0
0.2216857437365016,0.9922165400374581,0
1.828867931103553,0.1348037436898339,1
0.09868156761742748,0.9171734288471388,0
1.891570075128711,-0.0796227171342207,1
-0.5118848996302052,0.7962190737258705,0
0.8166910820026477,-0.5104967995256842,1
1.9107329613273716,0.057411319967250254,1
0.549543379241827,-0.33342055536323967,1
0.3109542660096424,1.051534277665176,0
-0.1288855222564151,1.0153790752327976,0
0.8788846264866964,0.37677179378167147,0
0.315273053297732,1.0089081432242488,0
-0.24827396231769516,0.8572688439134016,0
0.9251100783018075,-0.36116935529406036,1
1.7044506424182528,-0.3014141802542116,1
0.45649733783011814,-0.3142236035158486,1
1.3026266273501927,-0.4724754351702318,1
0.1276457005576796,0.40581464153306873,1
-0.8651775634315574,0.5096607047001321,0
2.0046834162829645,0.10710899501316226,1
-0.821385233113547,0.034429952520302086,0
0.5373283176573007,-0.49511127386639164,1
-0.37638854754275664,0.7757306275005642,0
0.9192832466624199,0.34407465080266975,0
1.004755540153005,-0.5656351055604325,1
0.7314777580383568,-0.5186539887337569,1
-0.9550899939821418,0.4785679611864174,0
0.15597316419476542,0.9873273458187969,0
-0.31875827895986286,0.8682196686528169,0
0.6527520537059907,-0.47552482601269086,1
-0.714269131664898,0.6038225756770739,0
0.6586721298859322,-0.4155960016337055,1
-0.44346671494830725,0.989267417502587,0
0.634880265641551,0.7737268609832951,0
-1.0386620457705387,0.16579673650900328,0
0.3774024273862934,-0.14818374812892698,1
1.9028504623944367,0.23634005867236793,1
0.7949899373913893,0.22644873515588987,0
0.9892147757090086,0.055802621923321985,0
1.737410680040718,-0.13661876172378437,1
2.0019135741805294,0.27894796711579717,1
0.7372790492323653,0.23075065395699856,0
-0.04854426954601996,0.5334701946765478,1
-0.10037462992183344,-0.013886636682573637,1
0.0012741935561685555,0.3197480589811287,1
1.8670251309619699,0.09029050584465459,1
0.5415513678086261,-0.5532452311091955,1
1.0567394887375068,-0.48275715403921104,1
0.9105910124395269,0.8072750784143805,0
-0.815519239521304,0.8989430576425566,0
0.5891903966210853,0.8136999512673344,0
0.2027664420323857,-0.1423884276660605,1
1.229143724348482,-0.43516061140128476,1
1.826624966295461,0.24177261850943244,1
1.3971445832447777,-0.4930246747922626,1
0.5420933651498153,-0.30606782542788347,1
-0.8108888571325972,0.6690517161297959,0
-0.9345406729781959,0.5428282817959377,0
0.5134482560597073,1.0365275733160688,0
1.9710344588271742,0.3813929016164632,1
-0.2151134929318615,1.0784975892235753,0
-1.0244423492846966,0.31462050143049336,0
-1.0129611846123106,0.06713085775190757,0
1.9709916588492784,0.25301661557961247,1
0.8918043761859935,-0.4779205907966239,1
1.4100386386910713,-0.3800507198754324,1
0.5266087781632524,-0.3762252625404494,1
1.8123981738121493,0.10806350832635939,1
0.9800124089331403,0.5325784351654855,0
0.08181800285216943,0.973132201168557,0
0.2504349240765139,0.8929324910924386,0
0.6044334172852659,-0.4171476261546852,1
0.551238383616066,0.8507851553046137,0
0.14834835051514725,-0.07125247347406312,1
1.7374193677327008,-0.42209379483524695,1
0.8517945082014015,-0.6215198061662308,1
-0.7424478253161819,0.6064359528527401,0
0.10090951856589409,0.2708104473214199,1
-0.07578970704710532,0.6240660167762037,1
1.975153986445049,0.04638249586808823,1
2.080853320196399,0.27045518708214955,1
1.8262557354346898,-0.0002943742360714263,1
-1.0034063610495239,0.19171727295825425,0
2.073715363436762,0.26093358172576786,1
0.10447136619532778,0.0713253180837379,1
0.36790647989477027,0.8796614195270013,0
0.1338242594057077,-0.2064560604544349,1
0.43081481172628217,1.0004673772385149,0
1.6341858337863424,-0.319167835301013,1
0.6706563985767753,-0.4703244058662928,1
1.7112055691822556,-0.22842121119092187,1
0.8863597557115019,0.6031493725961473,0
1.0578874178427242,0.06082578570471904,0
1.8413742894399028,0.19564153150156016,1
0.8490465525327682,0.5196747178952464,0
-0.5434258293822278,1.0844398067445575,0
0.13965435089822764,0.35751482059833417,1
0.6897137982066652,0.7125513735300962,0
0.5162482030892248,-0.40696288569147426,1
1.1725493278769354,-0.5877322366720028,1
-0.926151792181655,0.2909082245686469,0
-0.6688751681557197,0.7876067950309859,0
0.6554371972656606,0.8762270113476125,0
-0.8390131901077145,0.3615220108046695,0
-0.876190942007375,0.2795020033689124,0
1.8952624326447205,-0.12598393734623553,1
0.8998111378099107,0.5265432450725895,0
-1.047927142599268,0.21543358604873278,0
1.8263261670535076,0.09537536426791046,1
-0.27658428570234506,0.7613362790913325,0
0.5015383887302675,0.8873194363790959,0
1.179260056046279,-0.5335825119171687,1
1.786688599336631,0.019379804098439646,1
0.0013742039056684752,-0.05939985076069215,1
-0.16769728627838196,1.0190632154985069,0
0.8651907156651694,0.4260859369930017,0
1.4733297160374332,-0.2928515696886515,1
-0.06261660335989212,0.9165141227098916,0
0.7667052596897129,0.6833426817016098,0
-0.6737978939103904,0.7766409360512531,0
-0.8609464083393346,0.60432309246756,0
1.6807003651676098,-0.2625058920021269,1
-0.046680221704175455,0.49592592841703587,1
0.3379411322170789,0.7957790920669907,0
0.6143527851153697,0.826273354098907,0
1.7752872301926184,-0.07545146544928479,1
0.47983083312800223,0.750965853879603,0
0.2975671009531739,-0.29651560696668194,1
2.1244108364146532,0.26245741217200697,1
0.9524674199619827,0.09488859409390775,0
1.8071228601066653,0.03932518899717237,1
-0.5991466835371247,0.7543616352953167,0
-0.007070455830317547,0.42935457292101226,1
0.700242769010164,0.5960794474850404,0
0.3264166057764716,0.9840177173853027,0
-0.21106447161852587,1.0288241011653516,0
-1.0876889388364475,0.30210165921908205,0
-0.9837939176048591,0.136837985243197,0
-0.06964899827998362,1.1453843820049197,0
-0.26370438129010765,0.9897105794620522,0
1.6481645356162675,-0.29692928892824455,1
0.22456640629173735,0.020790861671423376,1
1.6265622268295934,-0.2102269117798039,1
-0.9013333474015183,0.48759424162054366,0
0.9954284190384193,0.10695173540938982,0
0.22182800048391393,-0.2714635912880503,1
0.0885172188500496,-0.08201062604780578,1
0.09446942980862413,1.0283505172445147,0
0.4632067014540108,0.9489020848626806,0
1.0832143585058265,0.06240658329799201,0
0.7556830633699028,0.6891761925101498,0
0.5589500534556628,-0.35468114647265525,1
-0.01686167563833521,1.0745131245617707,0
0.6954122172465768,0.6860397706510368,0
0.8890372306544432,0.16812874927251126,0
-0.09720552611663634,0.8414966395064466,0
0.6311857790448911,0.6670139772387604,0
-0.974050652939153,0.2155468893979854,0
0.11731720542432145,0.11395589816076852,1
0.823211550136566,-0.547377415065829,1
2.0002341180116883,0.23202590287925956,1
-0.9192591612115375,0.4249348692180577,0
0.785797230971555,-0.49597789877704906,1
1.453035825143007,-0.3265646562585558,1
1.842804594794091,0.5112619496605868,1
-0.48050719949611914,0.8408604183477543,0
0.20311118822195803,-0.11643438586502028,1
0.41232588884674004,0.954217806444076,0
-0.5631649761036841,0.8595218265391547,0
1.0871303402839878,-0.5816324248051177,1
0.27308099580230843,0.9505349221803301,0
-0.22508110925923058,0.7859885411111314,0
1.9856709836004014,0.3388054761082099,1
-0.3411915605819997,0.9643154403947412,0
0.08292016066613023,-0.06647540941795668,1
0.0002755730095499228,0.2934566418081991,1
0.8232018697707822,0.6252161224039392,0
-0.16563141152836863,0.11032550582571982,1
0.4114795746460177,-0.4933656235228067,1
0.3528112644974843,-0.32759813121913844,1
1.084829422174278,0.23112046932089095,0
0.9486329411707872,0.11187440019605781,0
0.8624799900783174,0.3819549809238527,0
-0.2068800478157795,0.8532733661776731,0
-0.8614604197968763,0.570010855455253,0
0.8871161618087103,-0.5277333099910663,1
0.8888271651707645,0.31279056465140376,0
1.3782008794412175,-0.31322266757033507,1
1.3615824213660452,-0.45732819493055693,1
1.7004541414673233,-0.11561902452074127,1
1.9186597347261563,-0.0003522244726738913,1
1.3165323603854076,-0.4294303485956614,1
0.012499198821733684,0.03601385159689108,1
0.3566364504290131,1.0144080522026693,0
1.2477541714675182,-0.36765786246863885,1
1.9839556133829777,0.23733597419654065,1
-0.02943418100571269,0.47531367090320636,1
0.18697906512843282,0.356386429517678,1
0.29783870954704417,-0.4654739441988833,1
0.6180806080125759,-0.5491701727645539,1
1.6332465957040527,-0.21360589337187377,1
-0.48246006673233066,0.9016290768023353,0
0.4311167140898525,1.012888968657107,0
0.8946406110432239,0.18562577242105344,0
0.9345847329208606,0.15122126942451802,0
0.8736655785105921,-0.44402992917669587,1
0.014574607613387316,0.9025431707669238,0
2.0017522420183838,0.1259497710525912,1
1.0439293342467713,0.3146433954658538,0
-0.5544354628247411,0.8646839118758772,0
0.5230941158137591,0.8709655311243203,0
-0.7183285741786991,0.8336724053357166,0
-0.27195076555881126,0.9799464115840284,0
1.0224578020319808,-0.05701848334583237,0
-0.8837311753245837,0.6780452719241042,0
0.07419664000124698,0.3433953865535802,1
0.4583748392051706,0.7086392703162173,0
0.9034288639072063,0.300178631591319,0
1.6345752649508236,-0.1607215876649929,1
1.0255495749681443,0.2268092274175882,0
0.47058767600478807,0.9651099138227583,0
0.03170134008644457,0.4835856586994912,1
0.5992582907788843,0.7652002737459627,0
0.7701036641248485,0.6826056072301775,0
1.7972910940984848,-0.20624537740619386,1
0.11101767848770279,-0.06911162938107726,1
-0.7491438847715872,0.6272989163426685,0
1.3197703141320425,-0.3785807248869406,1
1.2859497272589415,-0.45468642397417935,1
1.4430692770057483,-0.4150344919476117,1
0.021104690091114695,1.112177371829311,0
0.7264062037134719,0.6702361329626338,0
-0.5113055042958317,0.992338703741263,0
1.076816689706199,-0.3444244793532888,1
-0.17541979076447728,0.9642153238338201,0
2.0019278114556647,0.3703340271454102,1
-0.33701733557505564,0.8776603594841339,0
0.559658756692477,-0.30197675117709866,1
-0.0463467986249218,0.3778195533459995,1
0.5168238775867986,-0.30614731741308193,1
0.988619706331831,0.2318912750651097,0
0.25402576285582296,-0.23354554915097678,1
0.7862486047465742,0.3554130177142846,0
-0.6249194577953485,0.9862989900587587,0
0.6103356779077446,0.7541408541442305,0
0.012258365492412118,0.12903337739194998,1
0.5410820194155121,0.7049435909392097,0
0.18208299629606367,0.1352978257677394,1
0.04137050939533121,-0.0928180254122115,1
-0.7538052259710166,0.38436378700319257,0
0.9752923117792014,-0.4067300258070831,1
0.967847766167484,0.26402932437176324,0
1.008620243570225,0.04963507414440141,0
1.011794743147031,0.4679562497930183,0
0.843743744010113,0.6273519712906881,0
1.1275543855438819,0.16277341835615233,0
-0.23714773780543486,1.025738628750368,0
1.1441065291323946,0.13103532672763968,0
1.6573246165332147,-0.19405795852493263,1
1.1445077592637898,-0.5674485661936208,1
0.9286760151383651,0.7298466223929597,0
0.9243103587784945,0.34529874902758684,0
-1.0748761335446033,0.32995413988656347,0
-0.7147509668169248,0.6339100403535285,0
0.9148815378872778,0.35614459034083673,0
0.8811474747091127,0.3157136605728822,0
2.0722661940497646,0.33547141762402966,1
1.2542049380013331,-0.44597473758735684,1
-0.01816888131804395,0.8841258737185755,0
1.3961709872532293,-0.37478110306731494,1
-0.958511673107185,0.19400343619752358,0
0.9248606261995033,0.47649481653942677,0
0.628877931151831,0.8016047248982159,0
0.09027442638318918,1.1161579078291815,0
1.0228321200670902,-0.3717139939493994,1
-0.84898031898801,0.41806071490692986,0
0.1706311849748231,-0.143181883754866,1
0.9881004175467594,0.30650339730916776,0
1.9491543409498564,0.4050773853113827,1
-0.6730628409992375,0.563516597723543,0
0.34131674753277796,-0.29706182284588284,1
0.8567284678213991,0.18030339080664562,0
0.06101543472001977,0.8704251571648783,0
0.9163231939693846,0.3868766017445656,0
1.7515222042718983,-0.09422951249277495,1
0.29079047538710606,-0.1607460044436348,1
-0.9739284237915783,0.15635456029718584,0
1.733221434503792,-0.14227196388055935,1
1.3762411500915936,-0.44158986745165574,1
1.3475518442238825,-0.5062199965471782,1
-0.6944053605448065,0.6199325596221374,0
-0.8263010866610934,0.12668607846660868,0
0.36050318563220063,1.0213125786853463,0
0.8276055618114558,0.6284431278422064,0
0.9551419900585543,-0.4935396492263544,1
0.736658108848484,0.7555308777806924,0
0.04182509493310657,-0.11897880990018442,1
0.9271545248950871,0.3536354812984693,0
1.486491826087753,-0.5553174407727488,1
-0.4784941383752258,0.9739389399731893,0
0.890488541388662,0.6730852732912362,0
0.8904942090333668,-0.443283451187544,1
2.0155149239053816,0.4763693448438142,1
0.9915040090824414,0.08873927645797236,0
1.0491856263448254,0.11368439612519667,0
0.8676709739005977,-0.32967069506024604,1
1.4487262241354775,-0.39669483458506744,1
0.32057118348153113,0.9203491906651714,0
-0.6734518019029387,0.7652849656078207,0
1.89400334035151,-0.045953257630172224,1
0.9515951018120119,-0.5410595569206977,1
0.9514116453430231,-0.006177683617843646,0
0.6524738356118377,-0.39087371910627056,1
-0.09206281349175924,0.27281023477337907,1
0.07732806221864567,0.2776227690654549,1
0.27763740755431277,-0.06426669990292998,1
1.0042593831920086,0.3627181368965303,0
0.424632820239967,-0.29468091508702227,1
-0.34518774449365863,0.9209990909730781,0
2.0151981593464887,0.15200906092308253,1
-0.09261988534565498,0.37926330750339,1
-0.7400685052965338,0.6103637683352308,0
1.9974211150816763,0.461189667674774,1
0.4188869125389633,-0.36235489347894373,1
1.2415354113612627,-0.5325252713703237,1
0.9328274092462959,-0.5324353897123523,1
0.25761656507928204,0.8548303278404152,0
1.645727978187712,-0.2996613385085838,1
0.17354222443861742,-0.14162535499753606,1
0.606285129920369,-0.40692533322715324,1
0.9484988128529112,0.2275209958987387,0
-0.4230135415883227,0.9811722071069318,0
0.43831523471909833,-0.23681840283100047,1
-0.8416018589843325,0.4106585253518043,0
0.9481068922190755,0.2042949885786542,0
-0.9314033923299432,0.4284944634902735,0
0.5481091926590183,-0.40221000351449226,1
0.768199939613268,0.5603450306269653,0
0.8404655839687643,0.3375818716786217,0
0.11627314509534123,0.05833009104430811,1
0.4796868501510473,1.0328198414662526,0
0.7284151770893877,-0.6771617502623335,1
0.0691539534812072,0.06300641408359717,1
1.7747769437047334,-0.058814031966538165,1
1.1051204226084905,-0.4466562539741611,1
1.2398332501618303,-0.577297573922448,1
0.3131638912011368,-0.2677488476007594,1
1.039295442107387,-0.014526478922294635,0
0.1990625074782899,1.1422286166616074,0
-0.5444565066637659,0.788787810155223,0
0.6806846639660543,0.6901502741341485,0
-0.8386210809864656,0.30950365396843194,0
0.34415999459867247,0.9443250728602457,0
-0.9994744658622926,0.1724838766432441,0
-0.9464768737360755,0.2287943782158221,0
1.6371778292577115,-0.34481121727017733,1
0.3522106652866076,-0.23669781567931952,1
0.2608611531598866,0.8524840468685527,0
0.3717494852254646,-0.21055649373286064,1
1.66480720140359,-0.1511455754549001,1
0.238704269079552,-0.18142506293964974,1
-0.9514799057394154,-0.07088437034453704,0
-0.08197027287488853,1.1303221836677897,0
-0.7304934119753297,0.635617693969471,0
1.8749572546132538,0.21102176060820663,1
-1.062872127674845,0.3163018732366565,0
-0.5455884248670091,0.8951183758110709,0
-0.1321724283816776,0.8931707514526823,0
0.3608743572944084,0.036721356333977856,1
-0.5276026336473364,0.7482549973087395,0
0.6644208201768179,-0.4562289047551677,1
0.6477831050364959,-0.309445503871171,1
0.17252648739199314,-0.026538699093399898,1
0.11486779770746393,0.42771805283274983,1
0.4452621367984389,1.0380123317951513,0
-0.5916473655998058,0.861582709163348,0
1.0375885216290697,-0.6222151941862708,1
0.4610133008962622,1.1021855696726985,0
-1.142147131944389,0.09787938896821076,0
-0.7267923195124574,0.638066253428137,0
-0.6837705283959515,0.6341362225566733,0
0.024674067996360845,0.32961517029622583,1
-1.171038136305624,0.18663840032773954,0
1.1536407288093427,-0.4929005416306038,1
0.9758847718603078,-0.41315352518743653,1
1.0917812520653185,-0.42494913499192755,1
0.9463308625038386,-0.3945950761358481,1
1.4589393607624832,-0.38573689005747486,1
0.1963092370804148,-0.18913581708688862,1
1.5050864358589224,-0.3715651932293671,1
1.6413205961686426,-0.29296127343844247,1
0.4329700016103356,-0.06937284840360677,1
-0.7827947598198512,0.2530384492868857,0
0.9749989056590068,0.14240597573752256,0
0.08709613674391806,-0.0883534489141386,1
-0.7363210908976113,0.5178106038226654,0
0.46092740225838236,-0.23266079647883597,1
-0.3292636437702684,0.7397012930045097,0
1.1996359595471935,-0.4033823758182078,1
0.9061073756293987,0.2588623380758287,0
0.9406926899659516,0.3879638897581998,0
0.029445651230441947,0.016293631511629894,1
-0.8145531882515455,0.20612033692829146,0
1.6107650045672264,-0.39962275949918047,1
-0.9130919167752926,0.6122043373713162,0
0.11006238949786433,-0.15653126937063833,1
-0.01142865305498329,1.008809679913953,0
1.7456187851874048,-0.11832034056597315,1
0.5168283610177422,0.9459632780453503,0
0.27053290899422494,0.9142422914331343,0
0.0984278167221086,0.49616971042350816,1
-1.0558071066742274,0.3523481875125473,0
-1.0171212871704107,0.5159597201179442,0
2.095741780013311,0.0939955322176441,1
0.010224019582652996,1.058155802304519,0
0.7839391347612009,-0.5463203740976408,1
0.8833655884752339,-0.5371450045108668,1
1.2346217832845268,-0.40780069157208754,1
-0.4276762138693919,0.9085377461122364,0
0.8301184907387137,0.544508179462329,0
0.09788451723511575,0.08501725241716772,1
0.9531138033579855,0.10461029078581006,0
-0.7012804737971569,0.7801500174079644,0
0.8953346162873819,0.19013916727987057,0
2.0011315397897578,0.32019424060090723,1
0.2633324800630556,-0.13542567972913083,1
-0.8922848148733846,0.4242036039054899,0
0.5853781598088541,-0.45897815277373977,1
1.952712614646306,0.1900678531896973,1
0.043036909515444456,0.04477259705809142,1
0.12930172984746316,0.208641946819119,1
1.7452660765158319,-0.19134714375524714,1
2.0215673751155925,0.39641296155545663,1
0.09699118128089791,0.8993693113558864,0
0.5448320616484663,0.9210136348128455,0
0.1583617537726355,-0.0302715908279069,1
1.0784824682790115,0.15772413881333727,0
0.13250213151452273,-0.06505095010211838,1
0.6840139745716272,-0.4446418294588702,1
1.8515626043616915,-0.045667199505983386,1
-0.8902793105791431,0.1623033835339126,0
0.7725040685054381,0.47531064549069413,0
0.7184673656572355,-0.35690397485452285,1
0.2340864049981538,-0.14868177172836902,1
0.49897212864834595,-0.19311461154878254,1
1.4514284727275721,-0.44911185395361647,1
-0.9201378006827484,0.33734920124525464,0
0.12418266171584556,1.084232232092488,0
-0.9197795159427337,0.1189469925724298,0
0.00042523448677468656,0.22627772321418543,1
0.07970933340335676,0.38172050608570346,1
-0.18649151586326151,1.078589848875528,0
-0.7820782352807116,0.6384834108422509,0
-0.4865222282735166,0.9044370092715652,0
0.6992826744320362,0.7794074336502742,0
-0.6338018699671722,0.7475618097476782,0
1.884528990667909,0.36014952187398197,1
1.4272053968508176,-0.5850462495375527,1
0.19895078997671428,0.016210983367196518,1
1.1636799418345747,-0.3107704304847237,1
0.7502808305807085,-0.4804531696547387,1
1.4699433942498878,-0.2844352542594202,1
-1.1102236634283393,0.060077414798386936,0
0.15856197208096406,-0.0643231418915138,1
0.06056854840714973,0.38259426437194666,1
0.8469016431918596,0.14784828570454744,0
1.2018949347698111,-0.5573376485062385,1
-0.37523140684946643,0.9884929750382431,0
0.19821590585268584,-0.011125663157308043,1
0.10937926117368006,-0.03303369055325141,1
-0.9714717687812874,0.22825947558700288,0
-1.0438337897137264,0.20450090456620001,0
0.037105225996697355,0.3630699626634089,1
0.47299461545390276,-0.40885746610188056,1
1.5918792394035495,-0.1285094765757083,1
0.9468577561818391,-0.6038109940107642,1
-0.9821903511869633,0.38014166142314915,0
1.616477974279727,-0.392295565197358,1
-0.9475968946981753,0.29409334498360873,0
-0.6641208539658239,0.9035577799134431,0
-0.609694394643298,0.7732814105449045,0
0.16836439263312994,0.9888933554078952,0
0.6096791344138822,0.8039359248865553,0
0.9903757558744294,0.235083756118945,0
1.3972629413788298,-0.2755473612616488,1
0.2268243972935792,0.9405740860228239,0
0.40288795684320433,0.9066813226640359,0
0.7881434016766785,0.46486930323289777,0
-0.13297572978490269,0.4060281015978329,1
1.5282286939276244,-0.3363490381336003,1
0.529126098414764,-0.45929335830772283,1
0.6209611561692849,-0.45635142788351335,1
-0.37923442726124823,0.8614624573233558,0
1.0188067626057842,0.14661049049638553,0
0.4281500740201053,-0.3729430876449815,1
-0.9068165958340674,0.4931109715766729,0
1.013879521355309,-0.5324480032863876,1
1.9490500655070997,0.10934975223001446,1
0.6422127260610666,0.7410053106837183,0
0.9804517111488716,0.12993633967500684,0
1.9176845162614904,0.3433276292584,1
-0.6001504447422137,0.7442245096591895,0
1.8921726605709335,0.36860306947637184,1
0.7549288210937188,-0.4437185958737203,1
-0.9948306262093177,-0.08835129248025958,0
1.2753569428327123,-0.40996395502719746,1
-0.7611623108863209,0.7652906495332779,0
0.7564514793466942,0.5729881969052596,0
-1.069680437882957,0.10548503826412597,0
0.10574445239706251,0.9807596828674449,0
-0.5561216590463999,0.7568066930755066,0
-0.7625945367324796,0.7043464973696478,0
1.8195984940451422,-0.053166003646770946,1
1.263173502295304,-0.3547607003825025,1
-0.752404660111901,0.7917510622648926,0
0.3662565605572097,1.000853156656545,0
0.03091215627356685,0.154407287792335,1
-0.7711058558480202,0.40644671796064524,0
1.347144718453676,-0.43711312082193454,1
-0.2592088512511674,0.964018174494118,0
0.8589804993105727,0.3260454344205382,0
0.20739428851446157,0.9097504581793585,0
2.039399309088945,0.11401866527984506,1
-0.8668506133359246,0.16046061154239655,0
-0.2354730349003532,0.9094518287728319,0
1.95573768940717,0.13336979345289757,1
0.9191151518390585,0.31573427219052647,0
-0.7856738231946184,0.3686372573348833,0
1.032043478262495,-0.510224309656748,1
1.8552726221005995,0.29228786294036113,1
-0.7733153908465905,0.6830878342582056,0
-0.031438861159917994,0.9368417940181402,0
0.3530424433197863,-0.2802526006569691,1
0.44862450949880883,-0.4114506629278202,1
1.0249637262400277,0.1668745942912001,0
0.33095490319837556,1.02718670391332,0
0.5157781081358015,0.7916435007269927,0
-0.06632762143210494,0.17578029438575526,1
0.11587894906384694,0.030177379987693043,1
1.7713379679438892,-0.19924374710418652,1
-0.6864927543313721,0.8101565288525083,0
1.7373313432728488,-0.18692243840130993,1
1.7774255559418655,0.04863477403481348,1
-0.5664030371442621,0.8705314113641066,0
-1.0693228660114078,0.4358292621620737,0
0.8890201133328938,0.5474061213701068,0
-0.8915646821346681,0.3678590491888486,0
1.171208003343335,-0.6245863804220982,1
0.659358612363699,0.803173730078194,0
0.6060196638341734,0.9259969197858215,0
1.963984766906916,0.16189577706062708,1
-0.03697805389599748,0.36725765213725314,1
0.08480143197689455,0.923407633763919,0
0.6705746663002972,-0.4144011190117205,1
0.10714691693820841,0.3403012298878913,1
-0.7006751563351814,0.6052667499298044,0
1.58662168933203,-0.19681391303414547,1
-0.6519884884014621,0.612906676267773,0
0.1646825588561459,-0.20606664349916376,1
0.18994401941559982,-0.0520310504295378,1
0.9739414387451747,-0.49953493398438475,1
2.1471746924423414,0.4676442091994569,1
-0.09527447310743024,0.8687898004680352,0
0.9765949644842292,0.04221808896189364,0
0.5129329686131288,0.9368927404486664,0
0.26165915137312223,-0.2512524465450069,1
0.49766209102947667,-0.20889937356466692,1
1.613923906629624,-0.2789143681136215,1
0.4856233219861779,0.9078862356670295,0
0.31371276975486845,0.8702656835631205,0
0.055283969889816445,0.9347241030498374,0
0.8063885730176689,0.7290813790946201,0
-1.0097100418172407,0.08199380421091115,0
0.21117916626343028,-0.0816747998783424,1
1.34184111878145,-0.42005123390390275,1
-0.021801216727349658,0.36309232829059973,1
2.0288872768501007,0.2766676910686722,1
1.1322651065076275,0.3339497669405831,0
-0.04613542095084995,0.4259339348195339,1
0.01669574540177683,0.26248177999361466,1
0.13090741372708767,0.22961672750547396,1
1.9059563109138247,0.38710438549585613,1
0.4374736398362838,-0.26257448202585265,1
-0.6280161912459474,0.8441223917058243,0
1.8821370723717725,-0.16607523360850507,1
-0.8387334893135597,0.11268562909970081,0
0.8546900619344197,0.37461274373083053,0
0.07587762357515764,0.2006117963463684,1
1.6627708308955857,-0.25774660169319064,1
2.0404795004631575,0.6094950226352763,1
-0.744301823030034,0.5294562943538668,0
-0.1414510893157021,1.0993771179811818,0
-0.3449940529418192,0.7122436700958761,0
0.2335542209451671,-0.28495157817133426,1
0.4445738309283918,-0.34409734650737384,1
1.6511497732647202,-0.42956268526908803,1
0.1809145076586534,-0.26722919037839,1
-0.1187399270572395,1.0593154485566643,0
-0.3512286037451975,0.9848221934172804,0
-0.0695197677812481,0.04535582157474223,1
0.20067859170210067,0.1633017194896447,1
-0.8814106784210805,0.5807001180911467,0
-0.03785774487657542,1.037037919863552,0
-0.5169469891714621,0.9605667090807698,0
1.7537157297296786,0.2067720504323075,1
1.7468144327107311,-0.06771753583051654,1
1.1444082759859202,-0.6022257600322865,1
0.03040827700261045,0.06148365431891511,1
-0.7980006308238498,0.5646122197745633,0
0.8957321618079614,0.4124461281869748,0
-0.7276570436982707,0.720326342050723,0
1.7374716365866212,-0.4397535919142571,1
-0.11588036545947156,0.3107091117987634,1
-0.9163592036796194,0.4813340317488633,0
0.8682991505117729,0.34476610056381796,0
-0.34464000098850456,0.9454885887992566,0
2.0274171692662666,0.10140526946253828,1
-0.5054258245500134,0.6834534108332015,0
0.3342148856287961,0.9935022567068661,0
0.706738680781249,0.728781127291882,0
-0.4715332260958149,0.8276890693185873,0
-0.9634341276785866,0.2611774475832541,0
-0.9783174031115355,0.5522900037730396,0
-0.8392063032474798,0.37295396743740306,0
1.0456113249182186,0.3693262866257625,0
0.6042529538753554,-0.3904473256847992,1
1.5506520217663955,-0.2781347977335208,1
-0.9628618267479494,0.04074263261098732,0
-1.0076955325831343,0.3937382060088063,0
-0.64092278353153,0.6882633976829532,0
0.304884517665661,-0.15449304344539425,1
2.059992019153897,0.522341427057322,1
0.9238480276821469,0.038060298222651015,0
-0.0792912312256358,0.43993550578331986,1
1.6615402224251592,-0.23922429250111749,1
0.581899394317506,0.8202669291787335,0
1.2625838737897568,-0.5325891258233003,1
1.739060975060157,-0.018385400294787413,1
0.1410687785822489,0.9933080429976104,0
-0.029029554211128572,0.3331140178243314,1
-0.0018936765664203901,0.23576508761679904,1
-0.8223212311792633,0.4318389698447509,0
1.9259692173444904,-0.2638733925975636,1
0.6816854189731397,0.7989455195226569,0
0.6582988372863706,-0.4054909055903351,1
1.2710030687087173,-0.514685083343835,1
0.4655543005059336,0.9465267766224584,0
0.8831384166863324,0.46933187426683187,0
0.20514751280017135,-0.031355599568016854,1
0.26371146869457485,-0.16804357536027476,1
-0.2427191187766112,0.9784633719339032,0
0.8676459822043884,0.09428280070292287,0
1.272435533924357,-0.415506841608931,1
-0.6585745915833577,0.7763216286860235,0
-0.8903499177033094,0.6071643421072304,0
0.6081991971437345,-0.4081645380344971,1
0.15636627420982235,0.08399716208598874,1
0.25789261750735865,-0.1210745840204616,1
0.2230081145110513,0.9658859249906797,0
-1.0155417695771654,-0.06326190528357366,0
-0.5005711785862813,0.8025523859143788,0
0.2621992293958935,0.9394868800370011,0
0.04046673171681358,1.015954404574031,0
0.5595909954149408,0.7572251578481728,0
0.9277551719519425,0.20361246635131486,0
-0.6070106872257695,0.9688474691303598,0
0.974503975528383,0.11002674643398033,0
-0.8682058693383459,0.4020822713668434,0
1.7591970453489723,-0.17143487095474938,1
-0.8617219089620938,0.5419398924993823,0
1.9677419529139621,0.05716852807540579,1
0.3363141365529426,1.0890582908971642,0
-0.9387938366849526,0.2708188142342328,0
-0.23916737287904383,0.7825961781940426,0
-0.6952236596518335,0.6797985501266405,0
1.9145225135909372,0.22515656101562534,1
0.01411493992807927,0.3964816688138143,1
0.19639569265042614,-0.14550194034745273,1
0.796803210356531,0.6790953920535254,0
0.7825445738899688,-0.5039149048107786,1
0.026712233904451044,0.11788472982346816,1
-0.7789811993541634,0.6641563396811525,0
1.6693111726638312,-0.36995196676314124,1
-0.0016081680109573393,1.0629603752005745,0
0.8612158533822388,0.4458690595927932,0
-0.9139582448949488,0.062257950555459865,0
-1.0198619154238138,0.43031937108208673,0
0.4025947120869089,-0.406688817105343,1
-0.3985288175772442,0.9624460509740551,0
-0.551565078047759,0.8591812340627166,0
1.3372705516058065,-0.5087864896781646,1
-0.19455548075414533,0.9354737819664989,0
1.8916229528464124,0.1709262672526063,1
0.9602706401570709,0.08219313779682746,0
1.1092276781918147,0.3315652536893202,0
0.5024823743546968,-0.3907867494454292,1
0.39249694906379473,-0.24798394161793394,1
2.0979795818099483,0.2085561159888804,1
-1.1654304577917372,0.18482115487676082,0
-0.9104314841166641,-0.06553737764523737,0
1.7533382842633516,0.43585064095503656,1
0.8462371596773636,0.4753607856744827,0
0.015181580821885629,-0.0009101536273083688,1
-0.9909148947411454,-0.028093838168412773,0
2.029967463904866,0.13370252899499493,1
1.4039749007459879,-0.4714026289826911,1
-0.34919570621436796,0.9013945847016179,0
0.9078519864216117,0.38755770150457775,0
0.5881122779892751,0.8560801003198022,0
0.1595381535630212,0.9613981505128156,0
1.665123647181186,-0.41337702997930614,1
1.4208297018280716,-0.22313168885255796,1
1.9381675890519434,0.249307481389283,1
1.889811325628954,0.5164369257729239,1
0.09450029765931545,1.0320625205391039,0
2.021014172236682,0.4535309171136418,1
-0.1022210869219223,0.39315769411173757,1
0.02496546833866687,1.0376291998834741,0
0.7555314979781144,0.37955144942982066,0
0.3928508979832543,-0.21972305209417353,1
0.29846508136682576,-0.08176530549457131,1
0.851382605422172,0.12165997834190383,0
1.0642150437827795,-0.43787982292406075,1
0.027540801227123338,0.15205913312699781,1
2.0092694509807885,0.5877589429611622,1
-0.1062707812850546,0.9847259694130565,0
1.2099254025950068,-0.4754414904385649,1
-0.4612939584066124,0.7909989648100405,0
1.4032063831685169,-0.34029012588095675,1
-0.0651004712881628,0.5542452008165459,1
1.4817305585041065,-0.4432677589425696,1
1.0939614120943812,-0.5228434106258104,1
-0.9313377368622797,0.10211733959961339,0
1.9271505240207816,0.17686360256507622,1
0.6527143438752164,0.6174044570461493,0
-0.8946306179026862,0.6677210606208858,0
1.3768286955735691,-0.46381039390693896,1
0.6512603267680996,0.5636070173515787,0
0.8349153623983971,0.07356964436708399,0
1.7038351946715093,-0.23682060481472134,1
0.18983321374223394,1.0098645676882587,0
2.1546222491386615,0.21935439864739312,1
0.7492532202824184,-0.3613055527385619,1
0.6893827819678572,0.6757524499027784,0
0.9566276977949338,0.13094800055872935,0
-0.5858201653615682,0.7561109774970095,0
0.050684961436911584,0.3245339224787093,1
0.5674770874939744,-0.46616709719804594,1
0.19229614812211726,0.8732303020068407,0
1.484652592337548,-0.3121947627000841,1
1.9161685295961477,0.33613628637861453,1
-0.5899482892471014,0.7218924899804818,0
1.8041304550975017,0.0851375242599664,1
-0.5293442418625246,0.7774787288230098,0
1.5692166059718171,-0.22634660168561693,1
0.21017703734385812,-0.1702674621760707,1
0.12446912990861965,-0.11633164407519953,1
0.7769624378017204,-0.4342261661824474,1
1.0536278452868706,-0.4157889497548411,1
1.3795495154821276,-0.2925671932643342,1
0.4253377462168014,-0.3364953705309978,1
1.8474565692892329,-0.03689937001092708,1
-0.7128705450968744,0.4996137473441586,0
1.2587623854395174,-0.3645930153546315,1
0.8284213761062494,0.554237179988575,0
-0.8549163188651668,0.10266837785125402,0
0.2207533645168728,-0.14442902886025882,1
-0.7870021787839714,0.5469395190082618,0
1.578123077405724,-0.39313106306288187,1
-1.060188285900006,0.41457516510397946,0
-1.1287237122917648,0.2417745767551189,0
0.9632112174612706,0.47535615626845384,0
2.0747051665593808,0.18737322945710083,1
1.7117073893074228,-0.1430083655505786,1
-0.03366021762980792,0.8729796341540738,0
0.013539596293116046,0.04323787919761863,1
0.13055171333759266,-0.20386300142637293,1
1.5256360468982484,-0.47190211081015254,1
0.980335891251382,0.37554353446758526,0
0.8476123959367013,-0.5112744144843341,1
0.8705710964490067,-0.4298391775952334,1
-0.24408521506301936,0.8972612108591317,0
1.769675553669248,-0.06856990873957587,1
0.05169101400684321,0.23314206597619885,1
0.9440920243938807,0.16849304763592424,0
0.8355600204566235,0.47507146955269997,0
0.15945299113463798,0.910622789823411,0
1.896607986643676,0.3325353966734071,1
0.8750578551263025,0.6576313712327122,0
1.7562456016870311,0.3391357767498593,1
0.09632078259503718,0.06356506883654113,1
1.9543953813085,0.1779919412579991,1
0.9463356593904088,0.04098857877674189,0
-0.04762878096492895,0.42363893856241647,1
1.902635036976784,0.09707710654860544,1
0.029415040275482585,0.3592573015454699,1
0.19001083487035902,1.0544582999742544,0
0.7257902814871549,0.6716785965696687,0
0.5509225456289664,-0.4650389990807007,1
-1.0200525726301937,0.24113770917844923,0
1.756469359588802,-0.16687946061440345,1
-0.8918072417986622,0.45130450104216324,0
1.225485589094643,-0.42735354800940856,1
1.9296786665152552,0.22573042498512425,1
-0.38790293793692576,0.8947301878488716,0
0.5102433928040273,0.9543663163840763,0
1.5411655607165422,-0.3088831840751308,1
0.5946737526854375,0.5339704438772925,0
1.426504723014212,-0.3631625958146632,1
0.48864800642574596,-0.5025098277504099,1
0.7797341098693089,-0.658824001557646,1
1.000368361544363,0.3675263798754305,0
0.18680481197132023,1.071932482193286,0
-0.4996467400065539,0.8133454873605965,0
2.0266009431897127,0.3790190030322964,1
1.9412711253552937,0.10168506309091041,1
-0.3006352146065913,0.8089788519268322,0
1.7882068014571488,-0.18288153045956215,1
-1.0194244004175026,0.2770949394490624,0
0.13003197957161478,0.9775425587530362,0
1.8030186267193318,-0.01735513361253173,1
0.032581887203607926,0.00564731642670142,1
0.940588535710154,0.49758827731753646,0
1.4447378853817476,-0.3611497442387473,1
1.9049161548384947,0.2865651240311775,1
0.34028985253859567,1.0730985049731079,0
-1.0296009468512097,0.10123553206018263,0
2.019275374164932,0.14941115515840533,1
-0.37940432152192655,0.8999195154739406,0
0.5171337973732127,-0.5273393314350876,1
-0.009589945567573213,1.0463838174984885,0
0.6392769078246593,-0.24212769951099541,1
0.9012040481950109,0.645160732555869,0
0.058559118557237305,-0.03849999102458457,1
0.30601982463085914,-0.11417842145824197,1
-0.32602638334492995,0.9733421799849578,0
0.9264334999008749,0.5373984299426805,0
-0.6073886209797457,0.7467423072679118,0
1.175944952115496,-0.45299535329595725,1
-1.0352919278251524,0.1171002231768438,0
0.702601564289012,0.6649502736122761,0
1.312036484927713,-0.39029706422940474,1
-1.0018111816430124,0.40102380706018614,0
0.6364529407587524,0.6414875299212501,0
0.6383552756569537,0.7502201973583121,0
1.921195418742631,-0.025539497532568265,1
0.339454099847671,0.8748389582819597,0
0.8801550341404434,0.3376239090359321,0
0.2730341333338145,0.0282392907608911,1
0.7405173785557048,0.6795161134102348,0
0.7087712997101051,-0.5885897412277509,1
-0.9466317977605014,0.38497536674421684,0
0.5887090931241756,0.7317589753233912,0
0.7937637012038546,-0.45160330748909777,1
1.7706339791969028,-0.1774697028985649,1
2.0055069596532764,0.19110846862599157,1
1.512241478168872,-0.20992316944678022,1
1.8836626901397717,0.05960218427378647,1
0.09930088270954951,-0.03581919651101999,1
1.452927210883312,-0.3462555561876514,1
0.79878173814136,-0.545232686070053,1
0.31626691312549415,1.0207052970487704,0
1.7660057274089622,-0.021379285481226945,1
-0.8034166219996767,0.5318920584194149,0
1.1667232431494663,-0.3995437742916473,1
0.7678259133243335,0.591453541561324,0
-0.4169989083929958,0.9782360504379526,0
1.0400615825977828,-0.06713317189962845,0
0.9980091256311989,0.29396653042851334,0
-0.5671383103656717,0.7871451810646952,0
1.9478034016581531,0.3002029275911522,1
-1.0718445548986946,0.30599042775609153,0
1.3045168592741132,-0.44073927280995717,1
1.4458119623396468,-0.3625302444990638,1
1.9283861023456559,0.1445386929085458,1
0.7550912796402787,-0.4791381606189354,1
0.830682151668643,-0.3926264652146608,1
1.174979892670549,-0.5717484936249109,1
0.3839523375882367,-0.316672166639341,1
1.7445232282842729,-0.03636143204973144,1
0.1399195368500016,1.0355580241837232,0
0.9788071464412216,-0.36039946600089756,1
0.018364721781878257,0.10277940587062795,1
1.6903446069791237,-0.3246738199995005,1
0.3751242971582389,-0.31920190674861837,1
2.0260980814653613,0.08636716009185329,1
1.3541340784401406,-0.439641370294364,1
1.6415055607003473,-0.3636474605409405,1
0.6232686665145348,-0.4662210613664942,1
-0.5859645718880387,1.016347412800473,0
1.8246179539683818,0.07335328099495757,1
0.3259547737632108,-0.3018059081000667,1
1.7574220818919226,-0.08965231417693122,1
1.5745038220995344,-0.21227209840572486,1
0.6246448206590485,0.913295288831206,0
-0.48697628659951275,0.8065384623270496,0
0.7463861570215254,-0.46316168216052384,1
0.97924046560982,-0.671648427409079,1
-0.6128352543020534,0.8033607769409487,0
0.6166410413316548,-0.3292037303584371,1
0.4018593343395975,-0.17024837623312974,1
-1.013674330170545,0.1598041238760635,0
-0.25949156156752373,1.025624538994676,0
-0.4920959843025719,0.8941445132417754,0
0.40074399430553753,-0.28136221230098124,1
0.7470878633845347,-0.5185558886052355,1
0.7216378870272581,-0.6204808812971406,1
0.4043681326990488,-0.24419461833481934,1
1.993566172589521,0.3279629182608136,1
0.3940888734553502,-0.4434944387945735,1
0.9876648139758625,-0.5084049288001096,1
0.5705188252071863,-0.28135900773935474,1
1.0216503873135654,-0.4339562775279849,1
1.520307825962928,-0.2697823599622865,1
0.5048650903376164,-0.45577088787221476,1
2.060730463178016,0.3034098339239685,1
1.8283323177949857,0.15053157923615457,1
1.4670191972184559,-0.332872912799591,1
1.8350204158816938,-0.1903502818644347,1
-0.7593253932453948,0.5007934311954089,0
-0.603146886729976,0.6705473019435828,0
0.06583041919547929,0.4725615033536801,1
1.8580116604639778,0.1289274152349728,1
-0.12575830104929558,1.113560809851122,0
-0.6516988526062665,0.8387212473837332,0
-0.3706486527364802,0.9520971039713596,0
0.03828558390944093,0.2140258464388296,1
0.33358023563369454,-0.19242997068321605,1
1.7002665295473796,-0.09263850326723885,1
0.13584888093718267,-0.11952518068488929,1
-0.05728317399666652,0.9328510176075268,0
0.13571999416092811,0.29286575008088905,1
-0.17226392917679778,0.9541951775667875,0
0.23787066597181966,-0.08555201330053873,1
1.480983992690761,-0.21331673692017827,1
-0.7728153310286561,0.7127261782170683,0
1.9458171324522306,-0.07930598903382813,1
0.8215974685867548,-0.5606194650128655,1
0.11454675255593248,0.9218001932737511,0
1.779550009105789,-0.10119844367468504,1
1.0246200496347413,0.31443118717832996,0
-0.016526852694787066,0.39103314384873056,1
-0.08068353329564439,0.9241683371087651,0
0.24231442991970764,-0.18484401682971252,1
-0.7544937771835304,0.6470381042642193,0
-1.0254170065043378,0.37613199394856595,0
1.2982096589472336,-0.4329604446715956,1
1.7006474439810972,-0.23883863375265413,1
0.9360060923465333,-0.5146679283376467,1
-0.9020648479478693,0.4349454077763435,0
1.251416718699295,-0.5079781588566297,1
-0.07229764545426737,0.26516777011084863,1
0.8507052585807809,0.6496845209545906,0
0.37784591456467204,0.9331073425634168,0
-0.6867426390614899,0.5622061545963377,0
-0.8424162159996195,0.39153607115027766,0
0.2681146571572959,0.995900558145216,0
-0.7105843232367505,0.6974546944856937,0
1.8855818476571247,0.02029350401622573,1
0.464776041439388,-0.09264395701341645,1
0.061700281847698046,0.42100502424520986,1
1.8760746411333233,-0.06451129415223222,1
-0.43118012246594545,0.8769758995246716,0
1.9364040584480688,-0.0867738536123025,1
-0.32960088437091206,0.8989907404873371,0
1.8622962046839064,-0.17664681014972614,1
-1.087605627717932,0.1183471120482079,0
1.1362025343025772,-0.43765157922484144,1
-0.6279042456106968,0.8355504619567504,0
-0.6088323378060568,0.8407912464034784,0
0.8436841619271159,0.3594485310286038,0
-0.7762872622813677,0.615171254452096,0
1.7111169902736574,-0.17002284781758079,1
1.4301774148218445,-0.4761692129407904,1
0.300906049731008,0.870192752063758,0
-0.0773226394173346,1.0077941593152115,0
0.11313746867178041,0.2580717017383151,1
-0.003406819119911867,0.292252737187781,1
-1.0186492517366819,0.24195578270135137,0
-0.8898526731918726,0.7404320768864503,0
0.7554133644833982,0.6460462440358563,0
0.8109194159827661,0.4625408523844433,0
0.06658915406329409,0.37104123797292227,1
0.9125446461171851,0.14542188534814218,0
-0.09321582065755706,0.4263438655992478,1
0.8319856015446087,0.7255903939955274,0
1.0436558385993828,-0.5770834922785089,1
1.8547081712561608,-0.0943461216180559,1
0.18723122992187474,0.9904994134018308,0
0.6152086039318799,0.8830437952102357,0
0.1658777407539804,0.7131992433416101,0
1.6067996685504295,-0.2880880923283082,1
0.1993682030836853,0.8640724978649901,0
-0.06638581321349785,0.9335406631831846,0
1.129174283762092,-0.5495505827839704,1
-0.040238345069440795,-0.001315603557306871,1
0.015100175083702955,0.20084712477200897,1
0.9766778872187264,-0.47875841003509795,1
-0.4594028620981313,0.7932167196952382,0
0.1509781151772821,-0.11595407782440478,1
0.4312467465889903,-0.3553041598690403,1
-0.02386084970193951,0.9933310858223203,0
1.796983961676176,0.025742912539606914,1
0.9587950984558091,0.07223566773887552,0
1.8123538337443137,0.06174849913771379,1
1.1132154270984418,0.010457321809697613,0
0.21649458431533752,-0.18942944888437974,1
0.07294126101835946,0.23577694159699697,1
0.048170993147494776,0.979901680811212,0
0.47556979239675,0.8591021210871693,0
0.8822236902965601,0.5323922573203943,0
-0.7496761488717941,0.6611716619099426,0
0.7103819059589105,0.6270920800231086,0
-0.7986044361132603,0.6277487408667558,0
0.03518522976066878,0.3271083536772991,1
-0.854593458594836,0.2873471680613444,0
0.5585688404829787,0.7773392838506978,0
1.8028716451856304,-0.10517359566350577,1
-0.7896506367580609,0.7785125524210775,0
1.666842054706891,-0.2705821129292589,1
0.7077462880378653,0.7479469914030386,0
1.5866698804284116,-0.2528676962676815,1
0.056112752445072744,0.4383735427558237,1
0.44451943929212284,-0.21848927270454022,1
1.5345156561763236,-0.247794424226514,1
0.9094697400162527,-0.46061168348447357,1
-0.07050085713438331,1.1941450301886163,0
2.042437585741948,0.5024760720875182,1
-0.7426863214591788,0.7343711997186377,0
2.0071826535878996,0.2279815350234456,1
0.6734873218962373,0.7372688880656346,0
-1.0379845215775176,-0.053510341498421814,0
0.7518319948743646,0.48278955785851924,0
0.8684737503260923,0.3501737305393767,0
1.262683697883499,-0.471817231879537,1
-0.6489198995191462,0.708901779651125,0
0.5509756904733937,1.0612170548988764,0
-0.694196576311064,0.8226265773610926,0
0.9529318766125985,-0.5811571419651905,1
1.7778001740317726,0.06899760346678314,1
1.7466728292987916,-0.02099300446891056,1
0.16066482218623912,0.21527764806747515,1
-0.27271777583537893,1.0168902062692222,0
0.7819188366907893,-0.5011644449022298,1
-0.05956194218046074,0.5627701596354573,1
0.02128850773763228,0.4723399484912694,1
0.6595035604461829,-0.5590640675689009,1
1.9014373069142942,0.16882494532465597,1
1.1805094705654884,-0.46485793150818133,1
-0.08207370391914331,0.08914286251826663,1
0.8529703185949802,0.6492388757853544,0
0.9629392445037637,0.02529632064520264,0
-0.8441788060846258,0.617731421962089,0
0.024834394556118567,1.073902422969776,0
0.8083483364959266,-0.5806707847122555,1
0.953867138402428,-0.5635979868463294,1
1.9543841887984434,0.5149510645483218,1
0.728585509455469,-0.42865756054938703,1
0.8575782103483524,0.29919284587162437,0
0.6688175721186943,-0.43932607107513116,1
-0.8409059328789215,0.4187105617369591,0
-0.06834894107802714,1.0039187495036246,0
0.6480259846690646,-0.3038310187295262,1
-0.728227745407951,0.6050947073154767,0
0.6904102910680182,0.7064688849310095,0
0.8959195505832203,0.029409486211576165,0
0.6359183739031302,0.6610505008725536,0
-0.1880523688822098,1.0402616947963643,0
0.3096677822482856,0.9815400931259105,0
0.40561864184821944,-0.20559790089184576,1
0.9454251686739882,0.3866320133863507,0
-0.8305952186654434,0.46298693399735014,0
1.004649382901859,0.004599537966896695,0
-0.3047278772105856,0.9789446692774616,0
1.821392549385977,-0.08067707114326202,1
0.9958732742972769,-0.46488255597492545,1
0.13421052779401044,0.13467089418750242,1
1.1526986539669344,-0.41842084397887186,1
-0.8375087924524255,0.3929356573744456,0
0.3166168986195994,-0.1595988666957257,1
1.2766505146841773,-0.4195271648632894,1
1.9254594263206346,0.10829899072778337,1
-0.20515061287935868,1.005470712662652,0
1.9361740397565073,0.3307682785975296,1
-0.628600993879037,0.9224260270459013,0
-1.014846706144898,0.24791573244571852,0
0.9508094772871148,0.5534911089598559,0
1.7407244951408372,-0.23722382079656873,1
-1.1149161780701897,-0.03450472140949107,0
-0.4767441768338982,0.8188371303188998,0
1.0295959938797743,-0.6776324445434075,1
1.5063543666880284,-0.22738515655870306,1
-0.010071813685506515,0.9876784755342215,0
0.0782516304120115,0.37584374809055476,1
0.062421488654843205,1.0023360243696797,0
1.2780217679987862,-0.2735321978728197,1
-1.0685271624577402,0.4893509223375007,0
-0.7112700557233476,0.75743402352576,0
0.6494960715030447,0.7081750829623493,0
1.0547330319462704,0.31502430971012774,0
0.5755758547164487,-0.44009144586192694,1
0.09311704518506261,0.9556273065881685,0
0.019136807416888085,-0.07328609082974233,1
0.705020284387509,0.6610652648453836,0
-0.9065637383027771,0.17694932365940086,0
0.16125384340465868,-0.1370925478388337,1
0.4802077651552471,0.9945551306342812,0
-0.8189000355140595,0.5539175892851413,0
0.8108456378804626,-0.5216880018554239,1
0.8803441696316907,-0.3354380413844907,1
0.4849490498921641,0.91317009331961,0
-0.7542651734583352,0.603044895771901,0
0.4824050958853765,-0.4924003364354098,1
1.732988912966598,-0.43338370812160926,1
0.8350348859315921,0.36230231373300087,0
1.6591064606970374,-0.3299811623746814,1
-1.0189650982734284,0.49209112158098456,0
0.13236014313641264,0.16584553227454626,1
0.7374948147224218,-0.25594829467383373,1
1.1376141318620734,0.21525449344351844,0
1.0749056698406991,-0.46783261668981035,1
0.5480755605749893,0.7258881614077645,0
0.25362290727980447,-0.24552787858217756,1
0.17139864978156327,1.080142395787502,0
0.7625152397973207,0.3696342446872265,0
1.5116545265940595,-0.421574079761965,1
0.06788274121336456,0.3901658994375132,1
1.6761230229176272,-0.2826725239071316,1
-0.05303159191497374,0.11595173288671601,1
0.13915601251705884,0.10403361035759778,1
0.3867273394060125,-0.3322627420601941,1
-0.9303903587589,0.5070835996155857,0
0.846162653703679,-0.5991856123230024,1
0.13697225721074513,0.09766030789549394,1
